id,all_products,crude,total_gasoline,kero,diesel,resid,date
1,1913717,1116138,234226,41457,120602,31315,5/14/2021
2,1915851,1116719,236189,40640,122829,31558,5/7/2021
3,1913365,1118544,235811,39795,124561,31606,4/30/2021
4,1919995,1127582,235074,38118,127174,32322,4/23/2021
5,1923069,1128941,234982,37487,130273,32367,4/16/2021
6,1920248,1129090,234897,36986,131597,31380,4/9/2021
7,1930406,1136086,234588,38267,133190,30933,4/2/2021
8,1928098,1139608,230544,39029,131470,32253,3/26/2021
9,1929445,1140484,232279,39199,128867,31294,3/19/2021
10,1924658,1138572,232075,38709,124910,31510,3/12/2021
11,1921071,1136176,231603,39241,125053,31479,3/5/2021
12,1919752,1122378,243472,38696,131170,31603,2/26/2021
13,1922540,1100815,257096,41197,139740,32246,2/19/2021
14,1936352,1099530,257084,41141,145216,32755,2/12/2021
15,1951553,1106935,256412,41900,148542,33184,2/5/2021
16,1962887,1113745,252153,42404,150624,32102,1/29/2021
17,1959968,1114739,247686,40611,151108,31282,1/22/2021
18,1971674,1124648,245217,39456,152016,30690,1/15/2021
19,1972355,1120296,245476,37300,152294,30673,1/8/2021
20,1981780,1123544,241081,38794,147191,30190,1/1/2021
21,1980125,1131554,236562,36534,141213,30664,12/25/2020
22,1995054,1137619,237754,36177,138749,31890,12/18/2020
23,2005729,1138182,238879,36272,140927,31534,12/11/2020
24,2011971,1141316,237859,36324,140396,31407,12/4/2020
25,1992150,1126232,233638,37208,133887,29913,11/27/2020
26,1992034,1126911,230147,37142,131128,31822,11/20/2020
27,1993215,1127776,227967,37298,132688,32523,11/13/2020
28,2003775,1127412,225356,37133,137719,32124,11/6/2020
29,2015817,1123699,227665,37408,142763,31669,10/30/2020
30,2030647,1131850,226124,37450,144073,31421,10/23/2020
31,2035184,1128188,227016,37662,147980,32999,10/16/2020
32,2043185,1129956,225121,38120,151975,32963,10/9/2020
33,2061140,1134933,226747,39590,158802,32305,10/2/2020
34,2064262,1135577,228182,39674,159852,31852,9/25/2020
35,2066636,1139358,227499,39025,162470,33253,9/18/2020
36,2074896,1141778,231524,39085,166546,33359,9/11/2020
37,2072722,1148294,231905,38842,163675,33102,9/4/2020
38,2076448,1146566,234859,39609,164237,36243,8/28/2020
39,2085502,1157228,239179,39922,166311,35566,8/21/2020
40,2095037,1163680,243762,40820,164495,36451,8/14/2020
41,2100319,1167983,247084,40501,163792,35565,8/7/2020
42,2108712,1174737,247806,39563,166443,36033,7/31/2020
43,2110827,1182116,247387,39921,165415,36559,7/24/2020
44,2117306,1192727,246733,40193,164579,37993,7/17/2020
45,2108493,1187837,248535,40390,162677,38545,7/10/2020
46,2117643,1195204,251682,42579,164234,40376,7/3/2020
47,2107192,1188940,256521,42334,160680,42149,6/26/2020
48,2104376,1194443,255322,40461,161144,41864,6/19/2020
49,2098453,1191010,256995,40632,160784,41507,6/12/2020
50,2089637,1188064,258661,39968,162006,40185,6/5/2020
51,2077708,1180124,257795,40839,160773,38654,5/29/2020
52,2058544,1178181,255000,39995,151462,38118,5/22/2020
53,2041568,1168142,255724,40891,145865,37359,5/15/2020
54,2034651,1171242,252894,40478,141897,36680,5/8/2020
55,2033262,1170054,256407,39743,137651,37193,5/1/2020
56,2013630,1163748,259565,39695,128716,35338,4/24/2020
57,2002071,1153607,263234,40792,123172,35690,4/17/2020
58,1976540,1138585,262217,40239,115196,34586,4/10/2020
59,1949299,1119337,257303,38861,110046,35980,4/3/2020
60,1916252,1104160,246806,38268,108315,34405,3/27/2020
61,1895253,1090327,239282,39588,110322,34387,3/20/2020
62,1892950,1088704,240819,40666,112173,32725,3/13/2020
63,1900480,1086750,246999,42414,115408,31470,3/6/2020
64,1908160,1079086,252048,41970,120308,30584,2/28/2020
65,1919976,1078302,256387,43329,125029,30508,2/21/2020
66,1921936,1077850,259078,43638,127070,30426,2/14/2020
67,1923009,1077435,261049,42939,126033,30396,2/7/2020
68,1924005,1069976,261144,42611,127506,30893,1/31/2020
69,1924716,1066621,261235,42789,129476,31580,1/24/2020
70,1923437,1063073,260032,42400,130185,30869,1/17/2020
71,1925131,1063478,258287,40447,131783,29096,1/10/2020
72,1910701,1066027,251609,39987,123480,28329,1/3/2020
73,1896039,1064863,242472,39369,117321,30031,12/27/2019
74,1899160,1076326,239260,39398,108337,31895,12/20/2019
75,1909607,1081800,237297,38315,109297,32061,12/13/2019
76,1910619,1082886,234768,39337,108139,31456,12/6/2019
77,1893656,1082262,229363,38325,103433,29514,11/29/2019
78,1899719,1088122,225978,38487,99680,28822,11/22/2019
79,1901096,1087917,220846,39592,99835,29355,11/15/2019
80,1908337,1088510,219090,39014,101022,29534,11/8/2019
81,1915746,1087734,217229,39393,103342,28797,11/1/2019
82,1912184,1080505,220057,39662,103544,28305,10/25/2019
83,1915434,1075501,223094,40467,105220,28059,10/18/2019
84,1925506,1078199,226201,42806,108073,28621,10/11/2019
85,1928598,1070187,228763,44159,112212,29742,10/4/2019
86,1937129,1067460,229976,44417,115523,29816,9/27/2019
87,1938057,1064356,230204,45453,118395,29526,9/20/2019
88,1937486,1061944,229685,43592,121618,28605,9/13/2019
89,1936711,1060886,228904,44485,121507,29241,9/6/2019
90,1939751,1067798,229586,42636,119081,30066,8/30/2019
91,1944745,1072569,231982,41697,122523,31693,8/23/2019
92,1956040,1082596,234072,41348,124246,29986,8/16/2019
93,1952156,1085328,233760,42028,122098,30817,8/9/2019
94,1949593,1083748,235172,42744,124310,31832,8/2/2019
95,1939201,1081363,230735,42016,121659,29599,7/26/2019
96,1949275,1089859,232526,42429,122943,31236,7/19/2019
97,1955723,1100694,232752,41414,122001,30161,7/12/2019
98,1943744,1103810,229187,41036,116989,29751,7/5/2019
99,1947311,1113309,230642,39382,113865,28638,6/28/2019
100,1944746,1114394,232225,39837,111878,28797,6/21/2019
101,1956659,1127182,233221,40473,114380,29100,6/14/2019
102,1957132,1130288,234913,39163,114621,29252,6/7/2019
103,1947861,1128082,234149,38742,115836,28793,5/31/2019
104,1925061,1121311,230944,38376,111546,28301,5/24/2019
105,1926356,1121593,228740,40823,112570,29067,5/17/2019
106,1910620,1117988,225024,40220,111665,29588,5/10/2019
107,1897584,1114321,226147,39720,110256,27953,5/3/2019
108,1900246,1119154,226743,40919,110652,29847,4/26/2019
109,1887742,1109759,225826,42215,111744,30243,4/19/2019
110,1878722,1104280,227955,42366,112213,29076,4/12/2019
111,1876163,1105676,229129,41915,113395,29270,4/5/2019
112,1871965,1098647,236839,40315,113932,29405,3/29/2019
113,1864965,1091409,238620,42023,115764,30083,3/22/2019
114,1864772,1088609,241503,41402,118275,29280,3/15/2019
115,1877265,1098198,246090,41088,121402,27590,3/8/2019
116,1887233,1102060,250714,42024,120405,28046,3/1/2019
117,1887669,1095004,254941,42878,121931,28098,2/22/2019
118,1905706,1103651,256847,43365,122643,29411,2/15/2019
119,1908515,1099979,258301,42113,123785,30305,2/8/2019
120,1902367,1096346,257893,41549,123475,28796,2/1/2019
121,1905639,1095083,257380,41842,124454,28599,1/25/2019
122,1910558,1094164,259615,41174,126205,29469,1/18/2019
123,1904101,1086194,255565,40552,126985,28294,1/11/2019
124,1899466,1088877,248062,40510,124376,28264,1/4/2019
125,1886223,1090557,239996,40712,114233,27883,12/28/2018
126,1871863,1090550,233106,40450,105151,26870,12/21/2018
127,1874063,1090594,230103,39823,104978,27743,12/14/2018
128,1885032,1091517,228337,39002,109293,28233,12/7/2018
129,1890999,1092723,226250,38116,110851,28634,11/30/2018
130,1900684,1101049,224551,39710,106549,28682,11/23/2018
131,1900798,1099477,225315,39432,103665,28478,11/16/2018
132,1901387,1095386,226610,39958,104949,27893,11/9/2018
133,1904400,1086487,228021,42309,107785,29710,11/2/2018
134,1900307,1080939,226169,42846,111053,28669,10/26/2018
135,1908675,1079263,229330,43896,114884,29243,10/19/2018
136,1918213,1074075,234156,45500,117320,29426,10/12/2018
137,1916662,1068655,236172,47367,119464,29042,10/5/2018
138,1906595,1063974,235221,46223,123081,27999,9/28/2018
139,1898965,1055999,235680,46641,124499,28994,9/21/2018
140,1894528,1054147,234150,45207,126409,27841,9/14/2018
141,1893924,1056205,235869,44343,125788,28302,9/7/2018
142,1883790,1061502,234619,41990,120265,27755,8/31/2018
143,1879910,1065804,232774,41287,117341,28107,8/24/2018
144,1881676,1068370,234328,41595,116915,28287,8/17/2018
145,1884362,1074207,233128,40478,115970,28654,8/10/2018
146,1867028,1067402,233868,39735,112609,28305,8/3/2018
147,1863839,1068754,230968,41117,112117,28720,7/27/2018
148,1853305,1064951,233504,39785,109181,28392,7/20/2018
149,1863218,1071098,235832,40768,109159,28076,7/13/2018
150,1857398,1065263,238997,40269,108789,27733,7/6/2018
151,1864596,1077897,239691,40965,104786,29646,6/29/2018
152,1861080,1076652,241196,41944,104928,31193,6/22/2018
153,1865481,1086543,240040,41761,104657,31623,6/15/2018
154,1865266,1092609,236763,42747,102333,30803,6/8/2018
155,1866968,1096752,239034,40930,104661,32228,6/1/2018
156,1851806,1095289,234431,40201,102433,32504,5/25/2018
157,1850807,1099468,233897,40556,100873,30949,5/18/2018
158,1844652,1094391,232014,41267,102075,32790,5/11/2018
159,1846800,1097315,235804,40750,101923,32921,5/4/2018
160,1849221,1100221,237978,39753,104702,32888,4/27/2018
161,1844307,1094455,236807,39282,107620,32973,4/20/2018
162,1843815,1093023,235967,39110,109972,33380,4/13/2018
163,1854212,1094094,238935,40002,112959,34548,4/6/2018
164,1848203,1090788,238477,40108,114518,35429,3/30/2018
165,1852047,1095407,239593,41131,114420,34236,3/23/2018
166,1853535,1093764,243065,40976,114926,32746,3/16/2018
167,1860159,1096386,244758,41582,116990,33416,3/9/2018
168,1864792,1091364,251029,42690,119630,32687,3/2/2018
169,1864540,1088779,251817,43068,119672,32056,2/23/2018
170,1860495,1085351,249334,43029,119711,31284,2/16/2018
171,1869161,1087663,249073,43415,122531,31182,2/9/2018
172,1871641,1085402,245474,42617,123090,33840,2/2/2018
173,1866828,1083045,242060,41614,121328,33679,1/26/2018
174,1864830,1076037,244040,40851,123161,32413,1/19/2018
175,1867706,1076872,240942,41138,123695,32056,1/12/2018
176,1881036,1083262,237322,41353,126815,31092,1/5/2018
177,1886485,1088211,233187,40649,121590,30385,12/29/2017
178,1884793,1095274,228374,39875,113130,31418,12/22/2017
179,1893603,1099785,227783,39834,111868,30815,12/15/2017
180,1907485,1105897,226546,40855,111393,31515,12/8/2017
181,1909701,1110766,220882,40267,113004,31126,12/1/2017
182,1914692,1118824,214102,41281,110472,32204,11/24/2017
183,1924595,1124617,210475,41240,108040,34133,11/17/2017
184,1926344,1128197,210431,40388,107537,34450,11/10/2017
185,1924342,1127049,209537,40063,108099,32663,11/3/2017
186,1934126,1125493,212849,41167,110560,32861,10/27/2017
187,1940557,1128718,216869,40770,110715,32143,10/20/2017
188,1952868,1128176,222334,41602,115949,34560,10/13/2017
189,1962157,1134665,221426,43089,115592,35800,10/6/2017
190,1964757,1138612,218936,43397,117258,36594,9/29/2017
191,1972014,1145587,217292,41303,119764,36257,9/22/2017
192,1977820,1148229,216185,40374,121468,37060,9/15/2017
193,1985793,1145248,218310,40368,125864,36042,9/8/2017
194,1985589,1140953,226738,39134,129437,34643,9/1/2017
195,1979414,1136653,229937,39348,131212,35456,8/25/2017
196,1980549,1142048,229902,40190,130845,34412,8/18/2017
197,1980549,1145375,231125,39383,131379,33347,8/11/2017
198,1987715,1154320,231103,40349,131295,33905,8/4/2017
199,1992441,1160772,227679,40361,132271,33730,7/28/2017
200,1991551,1162300,230196,40151,132803,33839,7/21/2017
201,2000699,1169508,231211,39150,134844,33278,7/14/2017
202,2010974,1174237,235656,40347,137354,34892,7/7/2017
203,2017931,1184951,237303,40959,133728,36699,6/30/2017
204,2031819,1191649,240972,42399,135791,38174,6/23/2017
205,2032387,1192937,241866,41684,136149,40355,6/16/2017
206,2035093,1196171,242444,43605,134677,41285,6/9/2017
207,2028690,1198233,240348,44596,134194,39920,6/2/2017
208,2014636,1196594,237024,44230,130775,38647,5/26/2017
209,2020760,1204001,239882,43384,130345,38807,5/19/2017
210,2024603,1208831,240669,42888,130861,39795,5/12/2017
211,2021073,1211312,241082,44144,133434,38366,5/5/2017
212,2025370,1217110,241232,43362,135015,39441,4/28/2017
213,2025813,1219512,241041,44179,135752,39226,4/21/2017
214,2019859,1223654,237672,42592,132697,38784,4/14/2017
215,2021860,1224887,236130,42524,134073,40145,4/7/2017
216,2027112,1227678,239103,42059,136290,39611,3/31/2017
217,2026546,1226636,239721,41949,135999,40340,3/24/2017
218,2031260,1226493,243468,41829,136567,39573,3/17/2017
219,2030556,1222165,246279,42059,138520,39144,3/10/2017
220,2039279,1223218,249334,44179,141297,39512,3/3/2017
221,2041770,1215260,255889,44561,142286,38278,2/24/2017
222,2041138,1213761,256435,44282,143663,37811,2/17/2017
223,2051885,1213197,259063,43150,148182,39711,2/10/2017
224,2040418,1203670,256217,40585,147944,41032,2/3/2017
225,2038712,1189841,257086,42502,148764,41123,1/27/2017
226,2033150,1183377,253220,44127,146130,41427,1/20/2017
227,2024189,1180537,246424,43275,146582,39770,1/13/2017
228,2025973,1178191,240473,42922,147755,41846,1/6/2017
229,2012342,1174094,235450,42993,138509,42473,12/30/2016
230,2006115,1181145,227143,42017,130510,42210,12/23/2016
231,2019205,1180532,228736,43368,131438,41461,12/16/2016
232,2031086,1178277,230045,44276,131844,41937,12/9/2016
233,2033202,1180840,229548,43818,133070,40438,12/2/2016
234,2031843,1183230,226123,42273,130231,40267,11/25/2016
235,2031786,1184115,224026,41693,125594,40321,11/18/2016
236,2032087,1185371,221709,42848,125337,41199,11/11/2016
237,2025194,1180097,220963,41924,125383,39170,11/4/2016
238,2032109,1177666,223804,42422,127779,39801,10/28/2016
239,2023346,1163247,226011,43898,129521,38423,10/21/2016
240,2032496,1163800,227967,43699,132610,39292,10/14/2016
241,2036318,1169048,225498,43301,133747,37792,10/7/2016
242,2010784,1164199,227405,43998,138309,39210,9/30/2016
243,2052596,1167176,227183,43051,139933,41258,9/23/2016
244,2052972,1169058,225156,42648,143057,40655,9/16/2016
245,2059040,1175259,228360,42749,140982,40583,9/9/2016
246,2053076,1175818,227793,41841,136740,39586,9/2/2016
247,2066939,1190332,232004,41034,133666,40026,8/26/2016
248,2062442,1188057,232695,41751,131718,40493,8/19/2016
249,2055744,1185557,232659,41649,131457,39050,8/12/2016
250,2054101,1188065,235383,41611,130397,38498,8/5/2016
251,2051400,1187013,238190,41078,132347,38292,7/29/2016
252,2049189,1185600,241452,41530,132482,40006,7/22/2016
253,2046272,1183929,241000,41902,133148,42076,7/15/2016
254,2043569,1186272,240089,40638,132359,41337,7/8/2016
255,2036373,1188820,238876,40241,129804,40043,7/1/2016
256,2033037,1191045,238998,40247,131146,40171,6/24/2016
257,2034200,1195098,237631,41388,132344,40275,6/17/2016
258,2028740,1196015,237004,42198,133425,40782,6/10/2016
259,2029183,1196948,239629,44163,133361,39667,6/3/2016
260,2024853,1199311,238619,42336,131224,41029,5/27/2016
261,2027485,1200677,240111,43138,132527,41773,5/20/2016
262,2028360,1204904,238068,43151,134021,41914,5/13/2016
263,2029132,1203594,240564,42924,136846,43184,5/6/2016
264,2030958,1207203,241795,42156,138434,42407,4/29/2016
265,2028801,1204422,241259,44203,139202,43571,4/22/2016
266,2023415,1202424,239651,44024,140907,43542,4/15/2016
267,2023823,1200344,239761,44676,144868,43078,4/8/2016
268,2017130,1193710,243998,44609,142728,44221,4/1/2016
269,2016686,1198928,242560,44011,139857,46013,3/25/2016
270,2015323,1196631,245074,43926,140155,45977,3/18/2016
271,2008491,1187274,249716,44390,138812,45274,3/11/2016
272,2006862,1185955,250463,42546,138988,45755,3/4/2016
273,2007255,1181814,254989,42430,140132,46786,2/26/2016
274,1997133,1171440,256457,41966,136723,46009,2/19/2016
275,2002194,1167939,258693,41456,138653,47101,2/12/2016
276,1998634,1165792,255657,41697,136945,44951,2/5/2016
277,1998211,1166461,254399,42241,136956,43841,1/29/2016
278,1988629,1158670,248461,41828,137886,42906,1/22/2016
279,1989726,1150287,244997,42241,140595,42765,1/15/2016
280,1983197,1146309,240434,40724,141154,42936,1/8/2016
281,1973171,1146076,231996,40191,135683,42105,1/1/2016
282,1964893,1150226,221420,40802,128930,42480,12/25/2015
283,1965058,1147600,220495,39451,127183,43480,12/18/2015
284,1970217,1153477,219384,38274,127918,42757,12/11/2015
285,1965399,1148676,217653,37261,124465,44105,12/4/2015
286,1968966,1152337,216867,38052,120354,43492,11/27/2015
287,1966831,1151160,216732,37216,118223,42077,11/20/2015
288,1964487,1150200,214254,36561,116490,43797,11/13/2015
289,1964247,1149948,213245,36805,117474,43466,11/6/2015
290,1961884,1145968,215347,37999,117852,42457,10/30/2015
291,1963787,1143121,218647,38763,120338,41908,10/23/2015
292,1967191,1139745,219784,39249,123636,41311,10/16/2015
293,1965728,1131718,221302,39718,126354,41155,10/9/2015
294,1962368,1124156,223920,40258,127621,40409,10/2/2015
295,1959836,1121116,222010,40096,130296,39811,9/25/2015
296,1956348,1117163,218756,41411,129710,39471,9/18/2015
297,1959378,1119088,217387,41077,132100,38988,9/11/2015
298,1950933,1121192,214547,42715,129703,38612,9/4/2015
299,1947659,1118790,214163,42546,129299,40161,8/28/2015
300,1942040,1114123,214434,41694,130242,39719,8/21/2015
301,1939095,1119575,212774,42321,128497,39155,8/14/2015
302,1938143,1116956,215482,43288,127576,39776,8/7/2015
303,1932126,1118360,216733,43389,124146,39454,7/31/2015
304,1932139,1122767,215922,44017,123910,40057,7/24/2015
305,1932014,1126971,216285,44108,121915,39265,7/17/2015
306,1928519,1123990,218010,43509,121067,40194,7/10/2015
307,1925162,1127937,217952,42621,118446,40554,7/3/2015
308,1914055,1126915,216737,41383,117408,40086,6/26/2015
309,1903322,1124131,218494,39731,116837,39816,6/19/2015
310,1909554,1128715,217814,40505,115788,40285,6/12/2015
311,1906215,1130792,217354,39388,115567,40795,6/5/2015
312,1906163,1136810,220293,38444,114238,41036,5/29/2015
313,1898236,1138259,220627,38453,111602,40324,5/22/2015
314,1895417,1140474,223936,37110,110853,40236,5/15/2015
315,1897593,1142835,226710,37120,111750,39112,5/8/2015
316,1903149,1145027,227852,36520,114452,38781,5/1/2015
317,1896936,1149129,227451,36833,113206,37483,4/24/2015
318,1889403,1147221,225738,36326,114126,38731,4/17/2015
319,1880257,1141906,227873,37250,113486,38358,4/10/2015
320,1873015,1140614,229945,36893,110886,37556,4/3/2015
321,1858147,1128935,229128,36706,110143,38673,3/27/2015
322,1854943,1124169,233386,37936,109433,38892,3/20/2015
323,1844467,1116000,235400,38240,108128,37495,3/13/2015
324,1837481,1106378,239873,37534,107236,36794,3/6/2015
325,1834373,1101201,240060,39130,106033,36890,2/27/2015
326,1832076,1090898,240014,39749,106874,35235,2/20/2015
327,1829856,1082471,243132,39434,109116,34163,2/13/2015
328,1830719,1074756,242647,38773,111612,34025,2/6/2015
329,1829056,1070430,240670,37940,113986,32763,1/30/2015
330,1816813,1064097,238335,36596,112987,32419,1/23/2015
331,1814846,1055224,240922,36773,116885,32177,1/16/2015
332,1812743,1045154,240334,37886,119453,32318,1/9/2015
333,1802762,1039767,237163,37779,115563,33055,1/2/2015
334,1797611,1043942,229048,36990,104050,34541,12/26/2014
335,1794787,1045696,226097,35873,101396,35007,12/19/2014
336,1788353,1038429,222014,36336,98506,35262,12/12/2014
337,1787168,1039276,216764,36240,98327,35245,12/5/2014
338,1779879,1037980,208567,35692,91657,37550,11/28/2014
339,1781017,1041670,206424,35615,89500,38613,11/21/2014
340,1785693,1039724,204599,35941,91245,38338,11/14/2014
341,1785657,1037116,203565,36153,93034,37566,11/7/2014
342,1791939,1039902,201760,37059,96709,36443,10/31/2014
343,1794368,1039442,203138,37651,98546,35536,10/24/2014
344,1802839,1037382,204374,39934,104127,34878,10/17/2014
345,1798447,1030271,205673,40499,103818,34980,10/10/2014
346,1797403,1021349,209668,40693,105608,35833,10/3/2014
347,1793697,1016435,208488,40525,106970,36513,9/26/2014
348,1799516,1017800,210324,40332,109450,36756,9/19/2014
349,1798592,1022073,210738,38596,109448,36463,9/12/2014
350,1793690,1018400,212373,36605,109071,37699,9/5/2014
351,1783936,1019091,209992,34636,105749,36541,8/29/2014
352,1782459,1019996,212314,34719,105385,36248,8/22/2014
353,1781037,1022066,213274,35561,104502,35486,8/15/2014
354,1781719,1026540,212689,34670,105578,34595,8/8/2014
355,1780200,1025139,213849,34205,108058,35133,8/1/2014
356,1788308,1026603,218236,35271,109162,36095,7/25/2014
357,1788801,1030300,217871,37303,108198,36165,7/18/2014
358,1783564,1034269,214492,36153,106379,36390,7/11/2014
359,1782338,1041794,214321,35559,104115,36509,7/4/2014
360,1777806,1044201,213742,37050,103081,37022,6/27/2014
361,1778246,1047356,214977,37799,102000,38539,6/20/2014
362,1773073,1045614,214267,38728,101545,38760,6/13/2014
363,1767029,1046192,213482,39388,100473,37591,6/6/2014
364,1760978,1048922,211785,39087,100765,38339,5/30/2014
365,1752183,1052353,211575,38731,97477,37544,5/23/2014
366,1748988,1050696,213378,38883,97619,36869,5/16/2014
367,1747460,1058471,212408,39475,95635,35927,5/9/2014
368,1745356,1058868,213180,39064,96866,35790,5/2/2014
369,1738685,1061189,211572,37737,97292,36723,4/25/2014
370,1731728,1060446,210008,38973,95407,38393,4/18/2014
371,1720244,1057460,210282,38198,94768,37537,4/11/2014
372,1706406,1048070,210436,36641,95098,37037,4/4/2014
373,1701267,1044392,215624,35620,95294,36486,3/28/2014
374,1702538,1046771,217198,36547,93949,37290,3/21/2014
375,1697080,1040152,222299,36230,92363,37326,3/14/2014
376,1697592,1034302,223766,37025,95125,37414,3/7/2014
377,1699461,1028422,228996,37934,95831,36911,2/28/2014
378,1697279,1026993,230600,38583,93618,37107,2/21/2014
379,1697777,1026925,233407,37645,93322,36757,2/14/2014
380,1700277,1025952,233098,37028,92856,37701,2/7/2014
381,1698443,1022899,234951,36167,94173,37870,1/31/2014
382,1703756,1022459,234446,37531,95754,38022,1/24/2014
383,1707525,1016038,235265,38047,98894,36961,1/17/2014
384,1711484,1015048,233142,37123,102639,37770,1/10/2014
385,1721744,1022706,226959,37421,102464,37650,1/3/2014
386,1719954,1026664,220716,36803,97306,37016,12/27/2013
387,1726572,1033671,219872,36238,92497,36706,12/20/2013
388,1739278,1038402,220486,37026,94907,35212,12/13/2013
389,1751875,1041343,219149,36587,95076,34827,12/6/2013
390,1757017,1052347,212432,36321,90200,34803,11/29/2013
391,1764104,1057932,210604,35982,88124,34797,11/22/2013
392,1765743,1054979,208853,37268,90377,35737,11/15/2013
393,1777477,1054604,209198,38253,94411,34668,11/8/2013
394,1783402,1051964,210036,39479,94596,34307,11/1/2013
395,1792187,1050775,213791,38508,99451,34449,10/25/2013
396,1797978,1046688,215504,40720,101743,34052,10/18/2013
397,1794279,1041442,217309,40559,100779,34441,10/11/2013
398,1794390,1037443,219879,40865,103036,34336,10/4/2013
399,1792736,1030699,219730,39798,106483,34200,9/27/2013
400,1787704,1025227,216235,40505,108216,33817,9/20/2013
401,1786223,1022592,216018,39678,109571,33628,9/13/2013
402,1792300,1026960,217645,39058,110953,33858,9/6/2013
403,1788612,1027578,215987,39577,108615,36217,8/30/2013
404,1786847,1029414,217814,37694,107447,35585,8/23/2013
405,1784680,1026428,218401,37359,108293,36984,8/16/2013
406,1787500,1027856,222430,38033,106209,37472,8/9/2013
407,1789355,1030668,223599,38460,104454,37414,8/2/2013
408,1788713,1032099,223464,37887,104970,37252,7/26/2013
409,1787097,1031668,222694,38126,105526,38022,7/19/2013
410,1789379,1034493,224083,38709,106385,37340,7/12/2013
411,1789589,1041395,221028,39268,103375,37075,7/5/2013
412,1796688,1051132,223662,39830,100406,37973,6/28/2013
413,1811353,1061479,225381,40260,103227,39279,6/21/2013
414,1802037,1061461,221728,39891,101497,37646,6/14/2013
415,1795275,1061148,221545,40804,101000,37500,6/7/2013
416,1782363,1058519,218797,39129,102152,36982,5/31/2013
417,1783539,1064786,219163,38718,98141,37719,5/24/2013
418,1773790,1061786,220677,38584,96977,36880,5/17/2013
419,1769562,1062124,217662,39079,97117,37985,5/10/2013
420,1766910,1062748,215074,40310,95516,39198,5/3/2013
421,1763299,1062377,215984,39983,94235,38493,4/26/2013
422,1750944,1055681,217802,39887,93618,37759,4/19/2013
423,1752884,1054734,221730,40975,93549,37788,4/12/2013
424,1750256,1055967,222363,39730,92271,37125,4/5/2013
425,1744770,1056085,220664,39442,91822,35817,3/29/2013
426,1744881,1053378,221236,38634,93184,37228,3/22/2013
427,1746792,1050122,222832,37958,96075,37584,3/15/2013
428,1748248,1051436,224308,38528,97310,35641,3/8/2013
429,1753830,1048812,227879,39747,96572,36055,3/1/2013
430,1756353,1045076,228495,39789,98228,35645,2/22/2013
431,1762248,1043946,230352,39508,98235,35589,2/15/2013
432,1763497,1039803,233236,38786,99615,35104,2/8/2013
433,1770698,1039081,234039,39068,101198,34417,2/1/2013
434,1770555,1036400,232301,39818,102065,34292,1/25/2013
435,1768389,1030260,233257,39802,103650,34908,1/18/2013
436,1771026,1027447,234995,40439,102912,36204,1/11/2013
437,1767275,1028083,233085,39630,99871,35566,1/4/2013
438,1756751,1027191,225673,39187,93648,36423,12/28/2012
439,1766774,1038311,223104,38622,87130,36832,12/21/2012
440,1763772,1038897,219322,39305,85122,37073,12/14/2012
441,1765717,1039861,217115,39879,84708,37469,12/7/2012
442,1760504,1039721,212115,40144,82730,38448,11/30/2012
443,1754572,1042078,204255,41087,79552,36444,11/23/2012
444,1755999,1042425,200390,42479,79795,35828,11/16/2012
445,1762209,1043891,201937,42398,81130,37815,11/9/2012
446,1766937,1042802,202377,43444,84031,37675,11/2/2012
447,1766438,1041255,199502,44520,84677,36146,10/26/2012
448,1766541,1043300,198567,42851,85578,35044,10/19/2012
449,1762571,1037404,197128,42974,85831,34107,10/12/2012
450,1765245,1034544,195408,44126,89297,34044,10/5/2012
451,1769771,1033032,195942,44380,91130,35111,9/28/2012
452,1772202,1033514,195828,43972,94849,35128,9/21/2012
453,1774869,1035960,196309,43389,94414,33226,9/14/2012
454,1763465,1027424,197716,42052,94273,33632,9/7/2012
455,1761695,1027015,198893,43031,92238,33128,8/31/2012
456,1771307,1034441,201227,43158,91556,33709,8/24/2012
457,1766645,1030663,202736,41840,90487,34511,8/17/2012
458,1769650,1036075,203698,40890,90491,34417,8/10/2012
459,1774232,1039774,206069,40259,90940,35210,8/3/2012
460,1775322,1043549,207870,40612,91852,34070,7/27/2012
461,1782546,1050072,210044,39542,92440,35494,7/20/2012
462,1772416,1047355,205910,38176,90732,35723,7/13/2012
463,1770986,1048164,207725,38858,88062,35531,7/6/2012
464,1768191,1053019,204973,37818,85187,34991,6/29/2012
465,1772266,1057289,204822,38628,86322,34884,6/22/2012
466,1769669,1057422,202744,39204,88000,34215,6/15/2012
467,1758588,1054561,201801,39202,87791,32696,6/8/2012
468,1757432,1054752,203525,39837,87339,31022,6/1/2012
469,1752299,1056515,200179,38813,85033,31669,5/25/2012
470,1746803,1054302,201012,38280,86352,31989,5/18/2012
471,1745746,1053419,204311,38390,86450,32706,5/11/2012
472,1742874,1051291,207108,39346,87431,32418,5/4/2012
473,1739703,1046002,209721,39707,88312,32590,4/27/2012
474,1737797,1043162,211730,39551,90285,33352,4/20/2012
475,1737816,1039184,213965,39226,92741,33528,4/13/2012
476,1740041,1035328,217636,39282,94745,34849,4/6/2012
477,1744194,1032762,221913,40230,96862,35501,3/30/2012
478,1731828,1023753,223370,41225,97173,34469,3/23/2012
479,1725508,1016651,226907,40845,98086,34856,3/16/2012
480,1723964,1017813,228121,40945,97034,35247,3/9/2012
481,1728407,1016063,229531,40761,100417,34188,3/2/2012
482,1729808,1015215,229927,42528,101997,34082,2/24/2012
483,1729270,1011055,231527,43237,104138,34024,2/17/2012
484,1726018,1009422,232176,42086,104366,32269,2/10/2012
485,1729988,1009593,231776,41925,106366,34895,2/3/2012
486,1725831,1009302,230147,42202,105906,33575,1/27/2012
487,1717777,1005127,227130,41384,105188,33049,1/20/2012
488,1722052,1001569,227520,42302,106137,34437,1/13/2012
489,1724115,1005007,223803,41520,102696,35755,1/6/2012
490,1717810,1003182,220193,41410,96847,36398,12/30/2011
491,1714409,1000973,217714,41155,91503,39050,12/23/2011
492,1711308,997074,218406,41457,89803,38660,12/16/2011
493,1729477,1007644,218818,41950,92753,40057,12/9/2011
494,1727473,1009576,214994,42151,93202,38611,12/2/2011
495,1718142,1008427,209847,42057,91053,37567,11/25/2011
496,1710481,1004495,209634,42394,87868,37163,11/18/2011
497,1714379,1010713,205159,42724,87149,36861,11/11/2011
498,1723081,1011770,204167,44643,90351,36148,11/4/2011
499,1738642,1013358,206274,45759,94125,36264,10/28/2011
500,1736836,1011532,204918,46525,94586,33934,10/21/2011
501,1736136,1006797,206271,46452,98180,33095,10/14/2011
502,1747063,1011531,209595,46829,101448,33556,10/7/2011
503,1748571,1010295,213729,46435,107047,33551,9/30/2011
504,1753203,1014974,214866,45581,106589,33750,9/23/2011
505,1752077,1013045,214075,45063,106015,35295,9/16/2011
506,1757329,1020381,210780,43817,106445,35589,9/9/2011
507,1762950,1028085,208840,43915,103645,37631,9/2/2011
508,1772165,1036932,208641,43820,103601,38435,8/26/2011
509,1772545,1036377,211436,43346,104157,38068,8/19/2011
510,1773372,1043392,210081,44269,103121,37397,8/12/2011
511,1774740,1045073,213591,44382,101943,36715,8/5/2011
512,1785372,1052688,215179,44992,104227,36197,7/29/2011
513,1787318,1056240,213478,45028,104208,37453,7/22/2011
514,1778156,1056212,212456,45057,101926,37225,7/15/2011
515,1774358,1059939,211699,44415,100209,37984,7/8/2011
516,1770044,1063063,212539,43333,98309,37805,7/1/2011
517,1769551,1063936,213173,43879,99335,38374,6/24/2011
518,1769874,1068311,214601,42727,98783,37646,6/17/2011
519,1766790,1070033,215065,42625,98784,37001,6/10/2011
520,1767412,1073439,214492,40938,99892,37253,6/3/2011
521,1765721,1078071,212283,40113,98936,37985,5/27/2011
522,1758484,1075193,209730,39064,99423,38113,5/20/2011
523,1751723,1074577,205936,39266,102153,36306,5/13/2011
524,1751789,1074592,205817,39942,103311,37576,5/6/2011
525,1745515,1070960,204542,39786,102167,38235,4/29/2011
526,1737994,1067539,205588,39954,103497,36861,4/22/2011
527,1735085,1061383,208096,41203,104788,36894,4/15/2011
528,1741824,1063705,209679,41386,106171,37279,4/8/2011
529,1746775,1062078,216679,40935,109170,36547,4/1/2011
530,1746869,1060462,217036,40577,107939,37435,3/25/2011
531,1743540,1057517,219720,39138,107226,36430,3/18/2011
532,1744438,1055386,225040,40539,106427,35775,3/11/2011
533,1749560,1053641,229214,41248,108600,36993,3/4/2011
534,1755973,1051265,234708,40820,111809,37075,2/25/2011
535,1762502,1051629,238298,40475,111328,37403,2/18/2011
536,1774588,1050807,241096,41435,112018,39451,2/11/2011
537,1782974,1049948,240891,42938,115255,39147,2/4/2011
538,1779865,1048117,236228,43769,113535,40141,1/28/2011
539,1774326,1045523,230074,42748,112093,41654,1/21/2011
540,1771930,1040687,227670,43087,109678,41837,1/14/2011
541,1769567,1038071,223227,44094,107866,39418,1/7/2011
542,1768864,1040464,218146,44088,104367,38900,12/31/2010
543,1775190,1044625,214857,43613,101282,39933,12/24/2010
544,1784349,1045883,217173,43921,99593,40907,12/17/2010
545,1790354,1051218,214773,43763,100047,39774,12/10/2010
546,1805989,1061072,213964,45749,97218,40143,12/3/2010
547,1811618,1065206,210153,44946,95558,40887,11/26/2010
548,1811662,1064141,209592,44732,94881,40504,11/19/2010
549,1811920,1063113,207679,44817,96093,41211,11/12/2010
550,1821024,1070399,210336,45940,97721,40403,11/5/2010
551,1833111,1073946,212253,45830,101199,40638,10/29/2010
552,1838571,1071996,214942,46829,104606,40491,10/22/2010
553,1837944,1066948,219329,47088,105045,40120,10/15/2010
554,1839968,1066283,218174,46712,106999,40287,10/8/2010
555,1844479,1066536,219943,47231,108767,39595,10/1/2010
556,1844639,1063693,222589,48074,108057,39295,9/24/2010
557,1849580,1063995,226058,48111,110060,39227,9/17/2010
558,1846687,1063429,224468,48367,110537,38854,9/10/2010
559,1849605,1065918,225162,47863,108567,39454,9/3/2010
560,1849326,1067688,225405,48296,108921,39666,8/27/2010
561,1845290,1064264,225617,48144,109400,39706,8/20/2010
562,1836371,1060158,223344,48040,109428,40989,8/13/2010
563,1831034,1060976,223383,47561,109185,40885,8/6/2010
564,1830911,1063977,222974,48708,108377,40191,7/30/2010
565,1824809,1066761,222245,48311,106607,40341,7/23/2010
566,1815813,1059455,222154,48003,105457,40557,7/16/2010
567,1810684,1059095,221036,47769,102943,41343,7/9/2010
568,1807498,1064153,219435,48197,100774,42648,7/2/2010
569,1807220,1069198,218115,46619,99313,43345,6/25/2010
570,1803647,1071207,217578,46814,97669,42924,6/18/2010
571,1800968,1069190,218340,46002,97587,43016,6/11/2010
572,1796533,1067501,218976,44832,96184,44373,6/4/2010
573,1796826,1069176,218984,44401,94118,45942,5/28/2010
574,1799092,1071080,221631,44617,92745,47012,5/21/2010
575,1793258,1068620,221834,44074,92671,45808,5/14/2010
576,1792060,1068460,222128,44266,92793,45919,5/7/2010
577,1788665,1066543,224942,44474,92497,46120,4/30/2010
578,1778874,1063788,223685,44177,91680,44885,4/23/2010
579,1765982,1061826,224925,42561,90311,44386,4/16/2010
580,1755240,1059934,221338,42215,89576,42610,4/9/2010
581,1755527,1062138,222374,42055,89529,41145,4/2/2010
582,1748201,1059993,224872,41992,88547,39933,3/26/2010
583,1744995,1057064,224559,43175,89663,38191,3/19/2010
584,1744645,1049820,227274,43174,91249,38858,3/12/2010
585,1747088,1048808,228984,43137,91679,38815,3/5/2010
586,1752368,1047340,231943,43279,93274,40004,2/26/2010
587,1752720,1043308,231170,43650,94867,40017,2/19/2010
588,1751277,1040274,232065,42676,94794,37851,2/12/2010
589,1753694,1037189,230445,42374,97120,39431,2/5/2010
590,1751934,1034898,228121,43239,98640,39652,1/29/2010
591,1751163,1032581,229427,43690,100082,37789,1/22/2010
592,1756898,1036470,227442,43733,98800,38781,1/15/2010
593,1758478,1036941,223492,42426,99832,37422,1/8/2010
594,1754936,1033243,219701,41668,97592,37181,1/1/2010
595,1759407,1034096,215964,42025,95332,37180,12/25/2009
596,1767534,1035635,216330,40991,95530,37041,12/18/2009
597,1781679,1040477,217213,41013,95909,36474,12/11/2009
598,1794359,1044166,216334,42546,96153,36222,12/4/2009
599,1798088,1047435,214081,41820,94687,38056,11/27/2009
600,1792146,1044821,210085,42388,94059,36929,11/20/2009
601,1793022,1043803,209082,43819,94559,36464,11/13/2009
602,1797182,1044690,210837,44652,94708,36023,11/6/2009
603,1796213,1042903,208277,45183,95288,35054,10/30/2009
604,1804606,1046839,208564,45852,95454,34318,10/23/2009
605,1806214,1046063,206945,45139,98052,34182,10/16/2009
606,1810356,1044753,209159,45336,99532,35071,10/9/2009
607,1816158,1044419,214389,45733,100229,35269,10/2/2009
608,1812565,1045554,211452,45983,99900,33969,9/25/2009
609,1807956,1042760,213109,46199,100423,32635,9/18/2009
610,1799408,1039407,207700,45152,99138,33902,9/11/2009
611,1802182,1043637,207153,45341,97302,33583,9/4/2009
612,1807201,1049443,205085,45755,95886,33892,8/28/2009
613,1811664,1049816,208054,45450,94058,34442,8/21/2009
614,1814805,1049688,209754,46520,93801,35606,8/14/2009
615,1827603,1058086,211931,46443,93317,34614,8/7/2009
616,1826259,1055392,212858,46613,94404,33588,7/31/2009
617,1829017,1053722,213076,45249,94885,34721,7/24/2009
618,1823434,1048571,215391,44089,93499,36485,7/17/2009
619,1821578,1050368,214578,43314,92026,35740,7/10/2009
620,1819395,1052501,213140,42839,92212,36582,7/3/2009
621,1814063,1055203,211238,41872,90938,37265,6/26/2009
622,1809037,1058224,208905,41728,90885,37736,6/19/2009
623,1803228,1061597,205034,41800,88545,37824,6/12/2009
624,1804190,1064886,201649,41944,89569,39302,6/5/2009
625,1805918,1069282,203202,41373,88768,40132,5/29/2009
626,1790757,1066332,203417,40449,87723,38468,5/22/2009
627,1787269,1070460,203954,39665,87842,36961,5/15/2009
628,1787294,1071826,208291,40126,87149,36680,5/8/2009
629,1787685,1075600,212445,40668,86933,35927,5/1/2009
630,1777282,1072582,212612,40188,85960,36282,4/24/2009
631,1770633,1067304,217307,39704,85117,36332,4/17/2009
632,1757997,1062149,216505,39338,82741,36170,4/10/2009
633,1748569,1055215,217449,39061,83453,36235,4/3/2009
634,1744022,1051927,216793,39540,86333,35515,3/27/2009
635,1735935,1047411,214568,39344,85900,34714,3/20/2009
636,1731252,1042262,215712,40229,87415,36635,3/13/2009
637,1726400,1038519,212517,41564,87335,38132,3/6/2009
638,1723216,1037212,215510,41692,86623,36636,2/27/2009
639,1721451,1037237,215342,40474,86617,36397,2/20/2009
640,1724167,1036291,218664,40957,85306,36320,2/13/2009
641,1730256,1036330,217559,41000,85323,35050,2/6/2009
642,1727432,1031387,220221,39478,84050,34569,1/30/2009
643,1725286,1023494,219859,38401,84772,36045,1/23/2009
644,1721019,1016543,219980,38429,84643,36057,1/16/2009
645,1709055,1010270,213505,37973,83381,34742,1/9/2009
646,1700699,1009060,211437,37374,77617,33878,1/2/2009
647,1693666,1002966,208103,37389,73545,35808,12/26/2008
648,1697806,1002419,207295,37347,73592,35993,12/19/2008
649,1699397,1005522,203959,37916,71461,35930,12/12/2008
650,1702131,1004997,202664,39315,69604,38037,12/5/2008
651,1695510,1004647,198942,38567,66884,37156,11/28/2008
652,1695896,1005103,200476,38005,66528,38842,11/21/2008
653,1686203,997823,198634,38127,66523,39085,11/14/2008
654,1683427,996225,198095,36835,67803,38976,11/7/2008
655,1682384,996277,196113,36652,67907,38842,10/31/2008
656,1677228,996223,194990,35991,68593,38622,10/24/2008
657,1670572,995784,196497,36579,67127,37359,10/17/2008
658,1661304,992849,193788,36258,65699,38706,10/10/2008
659,1649821,987518,186815,36783,67046,37809,10/3/2008
660,1632148,981326,179640,36050,68272,36228,9/26/2008
661,1633043,978423,178739,37087,70489,35613,9/19/2008
662,1652333,981366,184634,39084,73930,35980,9/12/2008
663,1664309,987695,187942,39815,74006,36695,9/5/2008
664,1679508,993575,194404,42081,75148,37424,8/29/2008
665,1683122,995473,195441,42072,75794,37699,8/22/2008
666,1680862,995651,196620,40925,75644,36863,8/15/2008
667,1672580,986262,202822,40786,77083,36435,8/8/2008
668,1677642,986178,209216,41429,78214,36545,8/1/2008
669,1674597,984165,213560,41745,77804,38029,7/25/2008
670,1671944,984130,217085,39992,76759,38469,7/18/2008
671,1669865,985572,214238,38954,76184,39084,7/11/2008
672,1662264,982508,211766,38764,74968,39366,7/4/2008
673,1665274,988081,210857,39633,72784,40000,6/27/2008
674,1662057,989086,208757,40500,73094,39253,6/20/2008
675,1656481,988181,208910,39567,72393,38949,6/13/2008
676,1655398,988932,210088,39863,71446,39505,6/6/2008
677,1655015,993358,209090,39751,70014,38166,5/30/2008
678,1653940,997347,206155,39581,68948,39185,5/23/2008
679,1663044,1005591,209413,40122,67380,40930,5/16/2008
680,1662804,1010250,210168,40384,67323,39320,5/9/2008
681,1657102,1009413,211883,38792,66035,38597,5/2/2008
682,1651619,1003768,211089,38738,66758,39522,4/25/2008
683,1642580,999713,212572,38283,65051,39415,4/18/2008
684,1641673,997173,215751,39709,67996,38339,4/11/2008
685,1649037,998888,221268,38510,67043,39258,4/4/2008
686,1657077,1001473,224710,38067,66607,39736,3/28/2008
687,1655330,993909,229235,38006,66097,38638,3/21/2008
688,1661864,993822,232520,39373,67165,37939,3/14/2008
689,1664093,993007,235967,38925,67180,36564,3/7/2008
690,1657174,986496,234276,39342,65925,36508,2/29/2008
691,1661498,989418,232619,40083,65436,36672,2/22/2008
692,1658612,985959,230264,39803,66777,36915,2/15/2008
693,1662319,981755,229236,41093,69613,36893,2/8/2008
694,1661448,980594,227487,41166,69543,36459,2/1/2008
695,1651982,973617,223899,40609,69018,35531,1/25/2008
696,1652935,970063,220341,39752,69769,38540,1/18/2008
697,1650706,967689,215256,40052,70323,37902,1/11/2008
698,1645573,961910,213063,39716,69414,37374,1/4/2008
699,1653240,968240,207842,39026,65930,39595,12/28/2007
700,1659725,971422,205857,39245,64337,40991,12/21/2007
701,1670282,974820,205221,39331,66532,42215,12/14/2007
702,1678536,982309,202241,39864,66020,39522,12/7/2007
703,1679988,983304,200623,39939,65795,38033,11/30/2007
704,1683143,990581,196628,38899,64759,38752,11/23/2007
705,1684926,991033,195190,38830,63549,39097,11/16/2007
706,1691711,992011,195027,40933,63374,39294,11/9/2007
707,1690422,988552,194313,41505,64553,38471,11/2/2007
708,1691376,989420,195132,41543,64267,36958,10/26/2007
709,1692369,993222,193837,41928,63931,36739,10/19/2007
710,1699669,997964,195768,41654,66975,36425,10/12/2007
711,1696632,995678,193000,41353,67404,36566,10/5/2007
712,1697152,997488,191325,40846,68089,37408,9/28/2007
713,1695938,996087,191366,41751,69445,37960,9/21/2007
714,1690125,992616,190834,41602,69064,37115,9/14/2007
715,1692514,996015,190417,41533,68463,36793,9/7/2007
716,1695710,1002862,191083,41186,68299,36375,8/31/2007
717,1701127,1006834,192564,42153,66378,38599,8/24/2007
718,1703286,1010319,196231,41918,65454,36476,8/17/2007
719,1702775,1008429,201940,41400,64631,36977,8/10/2007
720,1707282,1013596,202997,41340,64481,38607,8/3/2007
721,1707404,1017557,204720,41119,66712,37190,7/27/2007
722,1708146,1024054,204134,40665,65976,37503,7/20/2007
723,1703406,1025157,203341,40954,67564,36899,7/13/2007
724,1702157,1025606,205576,41158,66944,35499,7/6/2007
725,1699716,1027194,204433,40619,67393,34845,6/29/2007
726,1691475,1024043,202582,40124,66954,35772,6/22/2007
727,1690913,1022481,203331,40888,68622,35495,6/15/2007
728,1681031,1015579,201540,42029,67059,35353,6/8/2007
729,1680364,1015497,201537,41078,65064,35866,6/1/2007
730,1676311,1015002,198027,40885,64039,37006,5/25/2007
731,1674276,1016661,196666,40468,62369,37793,5/18/2007
732,1667816,1014610,195235,39995,60264,38178,5/11/2007
733,1660763,1013417,193471,40043,60864,38773,5/4/2007
734,1654328,1007781,193099,39657,59512,40850,4/27/2007
735,1653879,1006324,194214,40449,59502,41266,4/20/2007
736,1653888,1004140,197007,40686,57386,40803,4/13/2007
737,1653410,1004880,199725,40789,58411,39352,4/6/2007
738,1653439,1003990,205201,40082,57449,38560,3/30/2007
739,1650791,999683,210231,40130,56138,36274,3/23/2007
740,1650396,1000530,210489,39397,56201,35072,3/16/2007
741,1653306,996606,213939,39770,57424,35169,3/9/2007
742,1655871,995426,216425,40236,57126,35625,3/2/2007
743,1671763,1000324,220175,40210,57340,35998,2/23/2007
744,1680640,998903,222115,39133,58044,38666,2/16/2007
745,1691701,995209,225156,39295,58572,41279,2/9/2007
746,1702993,995798,227214,40300,58692,42338,2/2/2007
747,1713489,996316,224614,40220,60113,44136,1/26/2007
748,1713186,993632,220795,40203,59134,45611,1/19/2007
749,1711726,992843,216786,40186,56663,46079,1/12/2007
750,1702671,986075,213295,41462,55850,44066,1/5/2007
751,1696033,991824,209532,39065,53493,42413,12/29/2006
752,1694233,993123,203853,37560,51711,42911,12/22/2006
753,1701601,1001255,200915,38263,51448,43038,12/15/2006
754,1709531,1007578,199857,38621,51120,42707,12/8/2006
755,1717000,1011873,200031,38194,50042,42624,12/1/2006
756,1721370,1013063,201069,37932,48904,41816,11/24/2006
757,1728917,1013423,201658,39053,48535,42727,11/17/2006
758,1725042,1008262,200252,38814,50401,42720,11/10/2006
759,1733971,1006889,204033,42226,51754,41941,11/3/2006
760,1740668,1006295,204617,42143,51586,42398,10/27/2006
761,1743769,1004142,207416,41580,48378,41815,10/20/2006
762,1754844,1007078,210175,42778,49802,42300,10/13/2006
763,1760630,1002059,215397,42192,52116,42879,10/6/2006
764,1760297,999839,215052,42699,52342,42754,9/29/2006
765,1756269,996484,213899,42123,48672,43204,9/22/2006
766,1747111,996594,207554,42210,47933,42513,9/15/2006
767,1742849,999443,206994,40931,45385,42766,9/8/2006
768,1738407,1002349,206880,41029,42526,42029,9/1/2006
769,1736554,1004453,206162,41608,39559,41464,8/25/2006
770,1732544,1001973,205795,41451,38622,41533,8/18/2006
771,1728282,1002618,205393,40659,36123,42648,8/11/2006
772,1727124,1004225,207659,41117,31901,41991,8/4/2006
773,1729169,1005412,210868,40054,30707,42861,7/28/2006
774,1724029,1007187,211030,39874,27490,42157,7/21/2006
775,1721504,1007157,214194,39754,25579,42030,7/14/2006
776,1714862,1007007,212651,39847,26116,41733,7/7/2006
777,1717454,1013687,213077,39344,22026,42405,6/30/2006
778,1717186,1016108,212350,39674,19524,42395,6/23/2006
779,1716630,1019438,213440,39949,16753,42061,6/16/2006
780,1708780,1018051,213146,40384,14311,41445,6/9/2006
781,1702119,1019032,210331,41143,10350,40392,6/2/2006
782,1695632,1017749,209277,40102,5917,40683,5/26/2006
783,1687513,1016151,208483,39546,4255,41673,5/19/2006
784,1683906,1019149,206375,40415,3740,40933,5/12/2006
785,1681573,1018672,205050,40912,2739,40379,5/5/2006
786,1675665,1017903,202708,41574,2466,40372,4/28/2006
787,1672972,1015678,200594,41591,2376,41956,4/21/2006
788,1669952,1015684,202482,41760,2100,41200,4/14/2006
789,1675363,1016051,207927,41257,1809,40074,4/7/2006
790,1677982,1012742,211782,41939,1859,39614,3/31/2006
791,1682003,1010032,216226,42351,1612,41229,3/24/2006
792,1684805,1007502,221563,42040,1528,39909,3/17/2006
793,1689899,1008412,223884,42833,1360,40534,3/10/2006
794,1692937,1003576,224765,43211,1311,41734,3/3/2006
795,1691606,996735,225867,43625,1578,41786,2/24/2006
796,1695256,994797,225648,44741,1735,41952,2/17/2006
797,1696907,993276,225459,44942,1336,41379,2/10/2006
798,1692744,988423,223344,45034,1584,41207,2/3/2006
799,1689753,988635,219044,44575,1482,40879,1/27/2006
800,1688697,987512,214763,44918,1692,39960,1/20/2006
801,1684625,989625,211635,44064,1385,39676,1/13/2006
802,1679395,986884,208778,43320,1577,39304,1/6/2006
803,1678115,990127,204259,43483,1362,38258,12/30/2005
804,1680779,991640,202853,43431,1244,36986,12/23/2005
805,1688125,991522,204074,43545,1438,37314,12/16/2005
806,1696494,990722,204375,43897,1528,38955,12/9/2005
807,1695206,989830,202609,42781,1649,39608,12/2/2005
808,1688865,986543,199868,42107,1361,39509,11/25/2005
809,1685992,990031,200413,40988,1347,39147,11/18/2005
810,1684684,989977,200175,39748,1463,38136,11/11/2005
811,1685532,991936,201127,38621,1378,35478,11/4/2005
812,1674684,988227,196904,36620,1273,34300,10/28/2005
813,1675040,987393,195869,36763,1126,33969,10/21/2005
814,1676865,984579,195710,36072,1328,34110,10/14/2005
815,1672429,980844,192803,37611,1417,33978,10/7/2005
816,1682180,982648,195454,37179,1726,33479,9/30/2005
817,1694325,985144,199831,39871,1445,33010,9/23/2005
818,1692778,988520,195431,40072,1413,32421,9/16/2005
819,1688678,991578,191959,39153,1406,32292,9/9/2005
820,1694100,999438,190067,39421,1416,32344,9/2/2005
821,1708973,1005863,194369,40880,1578,32526,8/26/2005
822,1706247,1007114,194877,39672,1314,33214,8/19/2005
823,1705336,1004787,198122,39612,1560,34280,8/12/2005
824,1707824,1003723,203091,40116,1514,35370,8/5/2005
825,1703713,1000241,205177,40102,1504,36181,7/29/2005
826,1698618,999840,209194,40474,1212,35601,7/22/2005
827,1700370,1001569,211322,40359,1182,38199,7/15/2005
828,1697442,1001985,212641,41637,1258,37836,7/8/2005
829,1695779,1005184,215266,41186,1257,37535,7/1/2005
830,1693416,1008253,216240,41572,1145,37607,6/24/2005
831,1683798,1006912,215939,42088,966,36278,6/17/2005
832,1680271,1007863,215742,40955,1028,36832,6/10/2005
833,1676450,1008650,216647,40722,1113,36492,6/3/2005
834,1675839,1011001,216678,39617,1012,37527,5/27/2005
835,1668028,1009127,215374,40339,1011,36559,5/20/2005
836,1663587,1010372,214765,40180,1094,36140,5/13/2005
837,1654989,1005574,213694,39871,1023,37460,5/6/2005
838,1647473,1002342,213507,40268,1073,37203,4/29/2005
839,1641987,999187,211306,40200,1089,38121,4/22/2005
840,1634370,992836,211636,38920,1150,37623,4/15/2005
841,1634534,993556,213100,39216,1129,38981,4/8/2005
842,1627495,988651,212252,38759,1192,39187,4/1/2005
843,1623769,985227,214358,37334,1035,39732,3/25/2005
844,1616675,978334,217293,38459,1183,39147,3/18/2005
845,1614761,972526,221352,39434,1014,37998,3/11/2005
846,1618260,968291,224282,41164,1037,37715,3/4/2005
847,1616405,964814,224483,42955,921,38237,2/25/2005
848,1615531,961965,223510,43992,977,38382,2/18/2005
849,1615601,960813,221678,44062,943,37665,2/11/2005
850,1616267,957831,216757,43969,1004,39788,2/4/2005
851,1620615,958193,216342,43068,1007,40116,1/28/2005
852,1622742,957508,214712,42016,1148,39706,1/21/2005
853,1623850,952921,216969,41622,1067,39846,1/14/2005
854,1620089,948666,215333,40951,1255,40576,1/7/2005
855,1623433,949442,214327,41417,1171,40724,12/31/2004
856,1625471,952267,212251,41341,1063,40443,12/24/2004
857,1632276,953126,211381,40892,1014,41594,12/17/2004
858,1632555,950630,209616,41198,1083,41440,12/10/2004
859,1635038,950294,208096,41363,1516,42653,12/3/2004
860,1627926,948228,205741,41124,1799,41764,11/26/2004
861,1621594,947379,202741,40688,1898,40101,11/19/2004
862,1619729,947295,200879,40511,1770,37726,11/12/2004
863,1620717,945555,201270,39826,1913,36767,11/5/2004
864,1617279,943244,201677,40197,1983,35589,10/29/2004
865,1613277,936852,201163,41002,2240,35470,10/22/2004
866,1611370,932262,199883,41099,2190,34573,10/15/2004
867,1614641,931315,200616,41263,2700,32866,10/8/2004
868,1616419,928062,199429,40957,1810,33514,10/1/2004
869,1616930,927473,198846,39647,1557,35580,9/24/2004
870,1615794,923487,199654,40443,1578,36741,9/17/2004
871,1628294,932043,202493,40738,1691,35672,9/10/2004
872,1631622,938757,204073,39441,1554,34728,9/3/2004
873,1630758,939800,206552,39848,1598,34372,8/27/2004
874,1630371,942724,205743,40502,1655,34831,8/20/2004
875,1628120,943398,205742,40147,1656,33986,8/13/2004
876,1626116,944097,208296,40591,1698,31992,8/6/2004
877,1626885,947080,210108,39391,1713,32917,7/30/2004
878,1623670,948346,207651,38826,1539,35057,7/23/2004
879,1615333,946080,208420,38255,1531,34232,7/16/2004
880,1613625,949656,205903,38290,1537,36394,7/9/2004
881,1612723,951332,206108,38210,1586,36965,7/2/2004
882,1606689,951242,205148,37854,1232,37258,6/25/2004
883,1601573,950705,205134,37160,1375,37095,6/18/2004
884,1596925,948290,205943,38548,1472,34849,6/11/2004
885,1592320,947442,206432,37955,1630,34905,6/4/2004
886,1587696,945730,204279,37089,2483,36533,5/28/2004
887,1578088,942085,203017,36264,2482,36604,5/21/2004
888,1576777,941911,203674,35504,3743,37906,5/14/2004
889,1572945,942709,202450,36039,3877,36652,5/7/2004
890,1568612,940336,203996,35559,5390,35335,4/30/2004
891,1559486,939155,199958,35365,4172,35879,4/23/2004
892,1550540,933786,199083,35432,5233,36088,4/16/2004
893,1544678,932251,197451,34745,5946,36507,4/9/2004
,,,,,,,
,,,,,,,
,,,,,,,
,,,,,,,
,,,,,,,
,,,,,,,
,,,,,,,
,,,,,,,
,,,,,,,
,,,,,,,
,,,,,,,
,,,,,,,
,,,,,,,
,,,,,,,
,,,,,,,
,,,,,,,
,,,,,,,
,,,,,,,
,,,,,,,
,,,,,,,
,,,,,,,
,,,,,,,
,,,,,,,
,,,,,,,
,,,,,,,
,,,,,,,
,,,,,,,
,,,,,,,
,,,,,,,
,,,,,,,
,,,,,,,
,,,,,,,
,,,,,,,
,,,,,,,
,,,,,,,
,,,,,,,
,,,,,,,
,,,,,,,
,,,,,,,
,,,,,,,
,,,,,,,
,,,,,,,
,,,,,,,
,,,,,,,
,,,,,,,
,,,,,,,
,,,,,,,
,,,,,,,
,,,,,,,
,,,,,,,
,,,,,,,
,,,,,,,
,,,,,,,
,,,,,,,
,,,,,,,
,,,,,,,
,,,,,,,
,,,,,,,
,,,,,,,
,,,,,,,
,,,,,,,
,,,,,,,
,,,,,,,
,,,,,,,
,,,,,,,
,,,,,,,
,,,,,,,
,,,,,,,
,,,,,,,
,,,,,,,
,,,,,,,
,,,,,,,
,,,,,,,
,,,,,,,
,,,,,,,
,,,,,,,
,,,,,,,
,,,,,,,
,,,,,,,
,,,,,,,
,,,,,,,
,,,,,,,
,,,,,,,
,,,,,,,
,,,,,,,
,,,,,,,
,,,,,,,
,,,,,,,
,,,,,,,
,,,,,,,
,,,,,,,
,,,,,,,
,,,,,,,
,,,,,,,
,,,,,,,
,,,,,,,
,,,,,,,
,,,,,,,
,,,,,,,
,,,,,,,
,,,,,,,
,,,,,,,
,,,,,,,
,,,,,,,
,,,,,,,
,,,,,,,
,,,,,,,
,,,,,,,
,,,,,,,
,,,,,,,
,,,,,,,
,,,,,,,
,,,,,,,
,,,,,,,
,,,,,,,
,,,,,,,
,,,,,,,
,,,,,,,
,,,,,,,
,,,,,,,
,,,,,,,
,,,,,,,
,,,,,,,
,,,,,,,
,,,,,,,
,,,,,,,
,,,,,,,
,,,,,,,
,,,,,,,
,,,,,,,
,,,,,,,
,,,,,,,
,,,,,,,
,,,,,,,
,,,,,,,
,,,,,,,
,,,,,,,
,,,,,,,
,,,,,,,
,,,,,,,
,,,,,,,
,,,,,,,
,,,,,,,
,,,,,,,
,,,,,,,
,,,,,,,
,,,,,,,
,,,,,,,
,,,,,,,
,,,,,,,
,,,,,,,
,,,,,,,
,,,,,,,
,,,,,,,
,,,,,,,
,,,,,,,
,,,,,,,
,,,,,,,
,,,,,,,
,,,,,,,
,,,,,,,
,,,,,,,
,,,,,,,
,,,,,,,
,,,,,,,
,,,,,,,
,,,,,,,
,,,,,,,
,,,,,,,
,,,,,,,
,,,,,,,
,,,,,,,
,,,,,,,
,,,,,,,
,,,,,,,
,,,,,,,
,,,,,,,
,,,,,,,
,,,,,,,
,,,,,,,
,,,,,,,
,,,,,,,
,,,,,,,
,,,,,,,
,,,,,,,
,,,,,,,
,,,,,,,
,,,,,,,
,,,,,,,
,,,,,,,
,,,,,,,
,,,,,,,
,,,,,,,
,,,,,,,
,,,,,,,
,,,,,,,
,,,,,,,
,,,,,,,
,,,,,,,
,,,,,,,
,,,,,,,
,,,,,,,
,,,,,,,
,,,,,,,
,,,,,,,
,,,,,,,
,,,,,,,
,,,,,,,
,,,,,,,
,,,,,,,
,,,,,,,
,,,,,,,
,,,,,,,
,,,,,,,
,,,,,,,
,,,,,,,
,,,,,,,
,,,,,,,
,,,,,,,
,,,,,,,
,,,,,,,
,,,,,,,
,,,,,,,
,,,,,,,
,,,,,,,
,,,,,,,
,,,,,,,
,,,,,,,
,,,,,,,
,,,,,,,
,,,,,,,
,,,,,,,
,,,,,,,
,,,,,,,
,,,,,,,
,,,,,,,
,,,,,,,
,,,,,,,
,,,,,,,
,,,,,,,
,,,,,,,
,,,,,,,
,,,,,,,
,,,,,,,
,,,,,,,
,,,,,,,
,,,,,,,
,,,,,,,
,,,,,,,
,,,,,,,
,,,,,,,
,,,,,,,
,,,,,,,
,,,,,,,
,,,,,,,
,,,,,,,
,,,,,,,
,,,,,,,
,,,,,,,
,,,,,,,
,,,,,,,
,,,,,,,
,,,,,,,
,,,,,,,
,,,,,,,
,,,,,,,
,,,,,,,
,,,,,,,
,,,,,,,
,,,,,,,
,,,,,,,
,,,,,,,
,,,,,,,
,,,,,,,
,,,,,,,
,,,,,,,
,,,,,,,
,,,,,,,
,,,,,,,
,,,,,,,
,,,,,,,
,,,,,,,
,,,,,,,
,,,,,,,
,,,,,,,
,,,,,,,
,,,,,,,
,,,,,,,
,,,,,,,
,,,,,,,
,,,,,,,
,,,,,,,
,,,,,,,
,,,,,,,
,,,,,,,
,,,,,,,
,,,,,,,
,,,,,,,
,,,,,,,
,,,,,,,
,,,,,,,
,,,,,,,
,,,,,,,
,,,,,,,
,,,,,,,
,,,,,,,
,,,,,,,
,,,,,,,
,,,,,,,
,,,,,,,
,,,,,,,
,,,,,,,
,,,,,,,
,,,,,,,
,,,,,,,
,,,,,,,
,,,,,,,
,,,,,,,
,,,,,,,
,,,,,,,
,,,,,,,
,,,,,,,
,,,,,,,
,,,,,,,
,,,,,,,
,,,,,,,
,,,,,,,
,,,,,,,
,,,,,,,
,,,,,,,
,,,,,,,
,,,,,,,
,,,,,,,
,,,,,,,
,,,,,,,
,,,,,,,
,,,,,,,
,,,,,,,
,,,,,,,
,,,,,,,
,,,,,,,
,,,,,,,
,,,,,,,
,,,,,,,
,,,,,,,
,,,,,,,
,,,,,,,
,,,,,,,
,,,,,,,
,,,,,,,
,,,,,,,
,,,,,,,
,,,,,,,
,,,,,,,
,,,,,,,
,,,,,,,
,,,,,,,
,,,,,,,
,,,,,,,
,,,,,,,
,,,,,,,
,,,,,,,
,,,,,,,
,,,,,,,
,,,,,,,
,,,,,,,
,,,,,,,
,,,,,,,
,,,,,,,
,,,,,,,
,,,,,,,
,,,,,,,
,,,,,,,
,,,,,,,
,,,,,,,
,,,,,,,
,,,,,,,
,,,,,,,
,,,,,,,
,,,,,,,
,,,,,,,
,,,,,,,
,,,,,,,
,,,,,,,
,,,,,,,
,,,,,,,
,,,,,,,
,,,,,,,
,,,,,,,
,,,,,,,
,,,,,,,
,,,,,,,
,,,,,,,
,,,,,,,
,,,,,,,
,,,,,,,
,,,,,,,
,,,,,,,
,,,,,,,
,,,,,,,
,,,,,,,
,,,,,,,
,,,,,,,
,,,,,,,
,,,,,,,
,,,,,,,
,,,,,,,
,,,,,,,
,,,,,,,
,,,,,,,
,,,,,,,
,,,,,,,
,,,,,,,
,,,,,,,
,,,,,,,
,,,,,,,
,,,,,,,
,,,,,,,
,,,,,,,
,,,,,,,
,,,,,,,
,,,,,,,
,,,,,,,
,,,,,,,
,,,,,,,
,,,,,,,
,,,,,,,
,,,,,,,
,,,,,,,
,,,,,,,
,,,,,,,
,,,,,,,
,,,,,,,
,,,,,,,
,,,,,,,
,,,,,,,
,,,,,,,
,,,,,,,
,,,,,,,
,,,,,,,
,,,,,,,
,,,,,,,
,,,,,,,
,,,,,,,
,,,,,,,
,,,,,,,
,,,,,,,
,,,,,,,
,,,,,,,
,,,,,,,
,,,,,,,
,,,,,,,
,,,,,,,
,,,,,,,
,,,,,,,
,,,,,,,
,,,,,,,
,,,,,,,
,,,,,,,
,,,,,,,
,,,,,,,
,,,,,,,
,,,,,,,
,,,,,,,
,,,,,,,
,,,,,,,
,,,,,,,
,,,,,,,
,,,,,,,
,,,,,,,
,,,,,,,
,,,,,,,
,,,,,,,
,,,,,,,
,,,,,,,
,,,,,,,
,,,,,,,
,,,,,,,
,,,,,,,
,,,,,,,
,,,,,,,
,,,,,,,
,,,,,,,
,,,,,,,
,,,,,,,
,,,,,,,
,,,,,,,
,,,,,,,
,,,,,,,
,,,,,,,
,,,,,,,
,,,,,,,
,,,,,,,
,,,,,,,
,,,,,,,
,,,,,,,
,,,,,,,
,,,,,,,
,,,,,,,
,,,,,,,
,,,,,,,
,,,,,,,
,,,,,,,
,,,,,,,
,,,,,,,
,,,,,,,
,,,,,,,
,,,,,,,
,,,,,,,
,,,,,,,
,,,,,,,
,,,,,,,
,,,,,,,
,,,,,,,
,,,,,,,
,,,,,,,
,,,,,,,
,,,,,,,
,,,,,,,
,,,,,,,
,,,,,,,
,,,,,,,
,,,,,,,
,,,,,,,
,,,,,,,
,,,,,,,
,,,,,,,
,,,,,,,
,,,,,,,
,,,,,,,
,,,,,,,
,,,,,,,
,,,,,,,
,,,,,,,
,,,,,,,
,,,,,,,
,,,,,,,
,,,,,,,
,,,,,,,
,,,,,,,
,,,,,,,
,,,,,,,
,,,,,,,
,,,,,,,
,,,,,,,
,,,,,,,
,,,,,,,
,,,,,,,
,,,,,,,
,,,,,,,
,,,,,,,
,,,,,,,
,,,,,,,
,,,,,,,
,,,,,,,
,,,,,,,
,,,,,,,
,,,,,,,
,,,,,,,
,,,,,,,
,,,,,,,
,,,,,,,
,,,,,,,
,,,,,,,
,,,,,,,
,,,,,,,
,,,,,,,
,,,,,,,
,,,,,,,
,,,,,,,
,,,,,,,
,,,,,,,
,,,,,,,
,,,,,,,
,,,,,,,
,,,,,,,
,,,,,,,
,,,,,,,
,,,,,,,
,,,,,,,
,,,,,,,
,,,,,,,
,,,,,,,
,,,,,,,
,,,,,,,
,,,,,,,
,,,,,,,
,,,,,,,
,,,,,,,
,,,,,,,
,,,,,,,
,,,,,,,
,,,,,,,
,,,,,,,
,,,,,,,
,,,,,,,
,,,,,,,
,,,,,,,
,,,,,,,
,,,,,,,
,,,,,,,
,,,,,,,
,,,,,,,
,,,,,,,
,,,,,,,
,,,,,,,
,,,,,,,
,,,,,,,
,,,,,,,
,,,,,,,
,,,,,,,
,,,,,,,
,,,,,,,
,,,,,,,
,,,,,,,
,,,,,,,
,,,,,,,
,,,,,,,
,,,,,,,
,,,,,,,
,,,,,,,
,,,,,,,
,,,,,,,
,,,,,,,
,,,,,,,
,,,,,,,
,,,,,,,
,,,,,,,
,,,,,,,
,,,,,,,
,,,,,,,
,,,,,,,
,,,,,,,
,,,,,,,
,,,,,,,
,,,,,,,
,,,,,,,
,,,,,,,
,,,,,,,
,,,,,,,
,,,,,,,
,,,,,,,
,,,,,,,
,,,,,,,
,,,,,,,
,,,,,,,
,,,,,,,
,,,,,,,
,,,,,,,
,,,,,,,
,,,,,,,
,,,,,,,
,,,,,,,
,,,,,,,
,,,,,,,
,,,,,,,
,,,,,,,
,,,,,,,
,,,,,,,
,,,,,,,
,,,,,,,
,,,,,,,
,,,,,,,
,,,,,,,
,,,,,,,
,,,,,,,
,,,,,,,
,,,,,,,
,,,,,,,
,,,,,,,
,,,,,,,
,,,,,,,
,,,,,,,
,,,,,,,
,,,,,,,
,,,,,,,
,,,,,,,
,,,,,,,
,,,,,,,
,,,,,,,
,,,,,,,
,,,,,,,
,,,,,,,
,,,,,,,
,,,,,,,
,,,,,,,
,,,,,,,
,,,,,,,
,,,,,,,
,,,,,,,
,,,,,,,
,,,,,,,
,,,,,,,
,,,,,,,
,,,,,,,
,,,,,,,
,,,,,,,
,,,,,,,
,,,,,,,
,,,,,,,
,,,,,,,
,,,,,,,
,,,,,,,
,,,,,,,
,,,,,,,
,,,,,,,
,,,,,,,
,,,,,,,
,,,,,,,
,,,,,,,
,,,,,,,
,,,,,,,
,,,,,,,
,,,,,,,
,,,,,,,
,,,,,,,
,,,,,,,
,,,,,,,
,,,,,,,
,,,,,,,
,,,,,,,
,,,,,,,
,,,,,,,
,,,,,,,
,,,,,,,
,,,,,,,
,,,,,,,
,,,,,,,
,,,,,,,
,,,,,,,
,,,,,,,
,,,,,,,
,,,,,,,
,,,,,,,
,,,,,,,
,,,,,,,
,,,,,,,
,,,,,,,
,,,,,,,
,,,,,,,
,,,,,,,
,,,,,,,
,,,,,,,
,,,,,,,
,,,,,,,
,,,,,,,
,,,,,,,
,,,,,,,
,,,,,,,
,,,,,,,
,,,,,,,
,,,,,,,
,,,,,,,
,,,,,,,
,,,,,,,
,,,,,,,
,,,,,,,
,,,,,,,
,,,,,,,
,,,,,,,
,,,,,,,
,,,,,,,
,,,,,,,
,,,,,,,
,,,,,,,
,,,,,,,
,,,,,,,
,,,,,,,
,,,,,,,
,,,,,,,
,,,,,,,
,,,,,,,
,,,,,,,
,,,,,,,
,,,,,,,
,,,,,,,
,,,,,,,
,,,,,,,
,,,,,,,
,,,,,,,
,,,,,,,
,,,,,,,
,,,,,,,
,,,,,,,
,,,,,,,
,,,,,,,
,,,,,,,
,,,,,,,
,,,,,,,
,,,,,,,
,,,,,,,
,,,,,,,
,,,,,,,
,,,,,,,
,,,,,,,
,,,,,,,
,,,,,,,
,,,,,,,
,,,,,,,
,,,,,,,
,,,,,,,
,,,,,,,
,,,,,,,
,,,,,,,
,,,,,,,
,,,,,,,
,,,,,,,
,,,,,,,
,,,,,,,
,,,,,,,
,,,,,,,
,,,,,,,
,,,,,,,
,,,,,,,
,,,,,,,
,,,,,,,
,,,,,,,
,,,,,,,
,,,,,,,
,,,,,,,
,,,,,,,
,,,,,,,
,,,,,,,
,,,,,,,
,,,,,,,
,,,,,,,
,,,,,,,
,,,,,,,
,,,,,,,
,,,,,,,
,,,,,,,
,,,,,,,
,,,,,,,
,,,,,,,
,,,,,,,
,,,,,,,
,,,,,,,
,,,,,,,
,,,,,,,
,,,,,,,
,,,,,,,
,,,,,,,
,,,,,,,
,,,,,,,
,,,,,,,
,,,,,,,
,,,,,,,
,,,,,,,
,,,,,,,
,,,,,,,
,,,,,,,
,,,,,,,
,,,,,,,
,,,,,,,
,,,,,,,
,,,,,,,
,,,,,,,
,,,,,,,
,,,,,,,
,,,,,,,
,,,,,,,
,,,,,,,
,,,,,,,
,,,,,,,
,,,,,,,
,,,,,,,
,,,,,,,
,,,,,,,
,,,,,,,
,,,,,,,
,,,,,,,
,,,,,,,
,,,,,,,
,,,,,,,
,,,,,,,
,,,,,,,
,,,,,,,
,,,,,,,
,,,,,,,
,,,,,,,
,,,,,,,
,,,,,,,
,,,,,,,
,,,,,,,
,,,,,,,
,,,,,,,
,,,,,,,
,,,,,,,
,,,,,,,
,,,,,,,
,,,,,,,
,,,,,,,
,,,,,,,
,,,,,,,
,,,,,,,
,,,,,,,
,,,,,,,
,,,,,,,
,,,,,,,
,,,,,,,
,,,,,,,
,,,,,,,
,,,,,,,
,,,,,,,
,,,,,,,
,,,,,,,
,,,,,,,
,,,,,,,
,,,,,,,
,,,,,,,
,,,,,,,
,,,,,,,
,,,,,,,
,,,,,,,
,,,,,,,
,,,,,,,
,,,,,,,
,,,,,,,
,,,,,,,
,,,,,,,
,,,,,,,
,,,,,,,
,,,,,,,
,,,,,,,
,,,,,,,
,,,,,,,
,,,,,,,
,,,,,,,
,,,,,,,
,,,,,,,
,,,,,,,
,,,,,,,
,,,,,,,
,,,,,,,
,,,,,,,
,,,,,,,
,,,,,,,
,,,,,,,
,,,,,,,
,,,,,,,
,,,,,,,
,,,,,,,
,,,,,,,
,,,,,,,
,,,,,,,
,,,,,,,
,,,,,,,
,,,,,,,
,,,,,,,
,,,,,,,
,,,,,,,
,,,,,,,
,,,,,,,
,,,,,,,
,,,,,,,
,,,,,,,
,,,,,,,
,,,,,,,
,,,,,,,
,,,,,,,
,,,,,,,
,,,,,,,
,,,,,,,
,,,,,,,
,,,,,,,
,,,,,,,
,,,,,,,
,,,,,,,
,,,,,,,
,,,,,,,
,,,,,,,
,,,,,,,
,,,,,,,
,,,,,,,
,,,,,,,
,,,,,,,
,,,,,,,
,,,,,,,
,,,,,,,
,,,,,,,
,,,,,,,
,,,,,,,
,,,,,,,
,,,,,,,
,,,,,,,
,,,,,,,
,,,,,,,
,,,,,,,
,,,,,,,
,,,,,,,
,,,,,,,
,,,,,,,
,,,,,,,
,,,,,,,
,,,,,,,
,,,,,,,
,,,,,,,
,,,,,,,
,,,,,,,
,,,,,,,
,,,,,,,
,,,,,,,
,,,,,,,
,,,,,,,
,,,,,,,
,,,,,,,
,,,,,,,
,,,,,,,
,,,,,,,
,,,,,,,
,,,,,,,
,,,,,,,
,,,,,,,
,,,,,,,
,,,,,,,
,,,,,,,
,,,,,,,
,,,,,,,
,,,,,,,
,,,,,,,
,,,,,,,
,,,,,,,
,,,,,,,
,,,,,,,
,,,,,,,
,,,,,,,
,,,,,,,
,,,,,,,
,,,,,,,
,,,,,,,
,,,,,,,
,,,,,,,
,,,,,,,
,,,,,,,
,,,,,,,
,,,,,,,
,,,,,,,
,,,,,,,
,,,,,,,
,,,,,,,
,,,,,,,
,,,,,,,
,,,,,,,
,,,,,,,
,,,,,,,
,,,,,,,
,,,,,,,
,,,,,,,
,,,,,,,
,,,,,,,
,,,,,,,
,,,,,,,
,,,,,,,
,,,,,,,
,,,,,,,
,,,,,,,
,,,,,,,
,,,,,,,
,,,,,,,
,,,,,,,
,,,,,,,
,,,,,,,
,,,,,,,
,,,,,,,
,,,,,,,
,,,,,,,
,,,,,,,
,,,,,,,
,,,,,,,
,,,,,,,
,,,,,,,
,,,,,,,
,,,,,,,
,,,,,,,
,,,,,,,
,,,,,,,
,,,,,,,
,,,,,,,
,,,,,,,
,,,,,,,
,,,,,,,
,,,,,,,
,,,,,,,
,,,,,,,
,,,,,,,
,,,,,,,
,,,,,,,
,,,,,,,
,,,,,,,
,,,,,,,
,,,,,,,
,,,,,,,
,,,,,,,
,,,,,,,
,,,,,,,
,,,,,,,
,,,,,,,
,,,,,,,
,,,,,,,
,,,,,,,
,,,,,,,
,,,,,,,
,,,,,,,
,,,,,,,
,,,,,,,
,,,,,,,
,,,,,,,
,,,,,,,
,,,,,,,
,,,,,,,
,,,,,,,
,,,,,,,
,,,,,,,
,,,,,,,
,,,,,,,
,,,,,,,
,,,,,,,
,,,,,,,
,,,,,,,
,,,,,,,
,,,,,,,
,,,,,,,
,,,,,,,
